CREATE DATABASE  IF NOT EXISTS `db_study` /*!40100 DEFAULT CHARACTER SET utf8mb4 COLLATE utf8mb4_0900_ai_ci */ /*!80016 DEFAULT ENCRYPTION='N' */;
USE `db_study`;
-- MySQL dump 10.13  Distrib 8.0.32, for Win64 (x86_64)
--
-- Host: 127.0.0.1    Database: db_study
-- ------------------------------------------------------
-- Server version	8.0.32

/*!40101 SET @OLD_CHARACTER_SET_CLIENT=@@CHARACTER_SET_CLIENT */;
/*!40101 SET @OLD_CHARACTER_SET_RESULTS=@@CHARACTER_SET_RESULTS */;
/*!40101 SET @OLD_COLLATION_CONNECTION=@@COLLATION_CONNECTION */;
/*!50503 SET NAMES utf8 */;
/*!40103 SET @OLD_TIME_ZONE=@@TIME_ZONE */;
/*!40103 SET TIME_ZONE='+00:00' */;
/*!40014 SET @OLD_UNIQUE_CHECKS=@@UNIQUE_CHECKS, UNIQUE_CHECKS=0 */;
/*!40014 SET @OLD_FOREIGN_KEY_CHECKS=@@FOREIGN_KEY_CHECKS, FOREIGN_KEY_CHECKS=0 */;
/*!40101 SET @OLD_SQL_MODE=@@SQL_MODE, SQL_MODE='NO_AUTO_VALUE_ON_ZERO' */;
/*!40111 SET @OLD_SQL_NOTES=@@SQL_NOTES, SQL_NOTES=0 */;

--
-- Table structure for table `customer_mst`
--

DROP TABLE IF EXISTS `customer_mst`;
/*!40101 SET @saved_cs_client     = @@character_set_client */;
/*!50503 SET character_set_client = utf8mb4 */;
CREATE TABLE `customer_mst` (
  `customer_id` int NOT NULL,
  `customer_name` varchar(45) NOT NULL,
  `customer_address` varchar(45) NOT NULL,
  PRIMARY KEY (`customer_id`)
) ENGINE=InnoDB DEFAULT CHARSET=utf8mb4 COLLATE=utf8mb4_0900_ai_ci;
/*!40101 SET character_set_client = @saved_cs_client */;

--
-- Dumping data for table `customer_mst`
--

LOCK TABLES `customer_mst` WRITE;
/*!40000 ALTER TABLE `customer_mst` DISABLE KEYS */;
INSERT INTO `customer_mst` VALUES (1,'김준일','부산 동래구 사직동'),(2,'고병수','부산 부산진구 가야동'),(3,'손민재','부산 남구 대연동');
/*!40000 ALTER TABLE `customer_mst` ENABLE KEYS */;
UNLOCK TABLES;

--
-- Table structure for table `order`
--

DROP TABLE IF EXISTS `order`;
/*!40101 SET @saved_cs_client     = @@character_set_client */;
/*!50503 SET character_set_client = utf8mb4 */;
CREATE TABLE `order` (
  `순번` int NOT NULL,
  `주문번호` int DEFAULT NULL,
  `상품명` varchar(45) DEFAULT NULL,
  `가격` int DEFAULT NULL,
  `주문자명` varchar(45) DEFAULT NULL,
  `주문자주소` varchar(45) DEFAULT NULL,
  PRIMARY KEY (`순번`)
) ENGINE=InnoDB DEFAULT CHARSET=utf8mb4 COLLATE=utf8mb4_0900_ai_ci;
/*!40101 SET character_set_client = @saved_cs_client */;

--
-- Dumping data for table `order`
--

LOCK TABLES `order` WRITE;
/*!40000 ALTER TABLE `order` DISABLE KEYS */;
INSERT INTO `order` VALUES (1,1,'aaa',1000,'김준일','부산 동래구 사직동'),(2,1,'bbb',2000,'김준일','부산 동래구 사직동'),(3,2,'aaa',1000,'고병수','부산 부산진구 가야동'),(4,3,'aaa',1000,'손민재','부산 남구 대연동');
/*!40000 ALTER TABLE `order` ENABLE KEYS */;
UNLOCK TABLES;

--
-- Table structure for table `order_dtl`
--

DROP TABLE IF EXISTS `order_dtl`;
/*!40101 SET @saved_cs_client     = @@character_set_client */;
/*!50503 SET character_set_client = utf8mb4 */;
CREATE TABLE `order_dtl` (
  `order_dtl_id` int NOT NULL,
  `order_id` int NOT NULL,
  `product_id` int NOT NULL,
  PRIMARY KEY (`order_dtl_id`)
) ENGINE=InnoDB DEFAULT CHARSET=utf8mb4 COLLATE=utf8mb4_0900_ai_ci;
/*!40101 SET character_set_client = @saved_cs_client */;

--
-- Dumping data for table `order_dtl`
--

LOCK TABLES `order_dtl` WRITE;
/*!40000 ALTER TABLE `order_dtl` DISABLE KEYS */;
INSERT INTO `order_dtl` VALUES (1,1,1),(2,1,2),(3,2,1),(4,3,3);
/*!40000 ALTER TABLE `order_dtl` ENABLE KEYS */;
UNLOCK TABLES;

--
-- Table structure for table `order_mst`
--

DROP TABLE IF EXISTS `order_mst`;
/*!40101 SET @saved_cs_client     = @@character_set_client */;
/*!50503 SET character_set_client = utf8mb4 */;
CREATE TABLE `order_mst` (
  `order_id` int NOT NULL,
  `order_code` int NOT NULL,
  `customer_id` int NOT NULL,
  PRIMARY KEY (`order_id`)
) ENGINE=InnoDB DEFAULT CHARSET=utf8mb4 COLLATE=utf8mb4_0900_ai_ci;
/*!40101 SET character_set_client = @saved_cs_client */;

--
-- Dumping data for table `order_mst`
--

LOCK TABLES `order_mst` WRITE;
/*!40000 ALTER TABLE `order_mst` DISABLE KEYS */;
INSERT INTO `order_mst` VALUES (1,23011901,1),(2,23011902,2),(3,23011903,3),(4,23011904,1);
/*!40000 ALTER TABLE `order_mst` ENABLE KEYS */;
UNLOCK TABLES;

--
-- Table structure for table `product_mst`
--

DROP TABLE IF EXISTS `product_mst`;
/*!40101 SET @saved_cs_client     = @@character_set_client */;
/*!50503 SET character_set_client = utf8mb4 */;
CREATE TABLE `product_mst` (
  `product_id` int NOT NULL,
  `product_name` varchar(45) DEFAULT NULL,
  `product_price` int DEFAULT NULL,
  PRIMARY KEY (`product_id`)
) ENGINE=InnoDB DEFAULT CHARSET=utf8mb4 COLLATE=utf8mb4_0900_ai_ci;
/*!40101 SET character_set_client = @saved_cs_client */;

--
-- Dumping data for table `product_mst`
--

LOCK TABLES `product_mst` WRITE;
/*!40000 ALTER TABLE `product_mst` DISABLE KEYS */;
INSERT INTO `product_mst` VALUES (1,'아이폰13',1000000),(2,'아이폰14',1100000),(3,'아이폰15',1200000);
/*!40000 ALTER TABLE `product_mst` ENABLE KEYS */;
UNLOCK TABLES;

--
-- Dumping events for database 'db_study'
--

--
-- Dumping routines for database 'db_study'
--
/*!40103 SET TIME_ZONE=@OLD_TIME_ZONE */;

/*!40101 SET SQL_MODE=@OLD_SQL_MODE */;
/*!40014 SET FOREIGN_KEY_CHECKS=@OLD_FOREIGN_KEY_CHECKS */;
/*!40014 SET UNIQUE_CHECKS=@OLD_UNIQUE_CHECKS */;
/*!40101 SET CHARACTER_SET_CLIENT=@OLD_CHARACTER_SET_CLIENT */;
/*!40101 SET CHARACTER_SET_RESULTS=@OLD_CHARACTER_SET_RESULTS */;
/*!40101 SET COLLATION_CONNECTION=@OLD_COLLATION_CONNECTION */;
/*!40111 SET SQL_NOTES=@OLD_SQL_NOTES */;

-- Dump completed on 2023-01-19 17:43:19
